origin,model,train_rows,MAE,RMSE,bias
2025-02-28,lightgbm,425,15.61,24.57,1.34
2025-02-28,hist_gb,425,20.15,33.98,-8.48
2025-03-31,lightgbm,456,19.1,25.2,16.67
2025-03-31,hist_gb,456,31.07,38.48,27.9
2025-04-30,lightgbm,486,17.35,23.16,13.39
2025-04-30,hist_gb,486,26.97,32.69,21.54
2025-05-31,lightgbm,517,11.38,14.3,1.35
2025-05-31,hist_gb,517,17.83,26.69,4.04
2025-06-30,lightgbm,547,12.11,15.93,-4.61
2025-06-30,hist_gb,547,9.73,11.92,-0.22
2025-07-31,lightgbm,578,33.44,37.59,32.22
2025-07-31,hist_gb,578,31.87,34.31,28.45
2025-08-31,lightgbm,609,12.92,18.94,1.14
2025-08-31,hist_gb,609,8.54,10.98,-3.05
2025-09-30,lightgbm,639,16.4,23.97,0.15
2025-09-30,hist_gb,639,13.47,18.47,6.07
