date,horizon_days,actual,p10,p50,p90
2025-07-01,7,-108.79,-176.6,-105.01,-60.4
2025-07-02,7,-87.29,-185.0,-102.09,-36.84
2025-07-03,7,-61.11,-173.66,-98.69,-38.6
2025-07-04,7,-62.4,-174.92,-101.81,-33.96
2025-07-05,7,228.09,23.55,134.86,207.03
2025-07-06,7,229.69,77.58,142.25,208.65
2025-07-07,7,210.08,82.7,143.03,202.64
2025-07-08,7,158.9,64.41,98.19,165.78
2025-07-09,7,142.29,64.24,106.28,171.65
2025-07-10,7,94.28,64.4,101.97,168.52
2025-07-11,7,109.46,57.43,93.98,170.63
2025-07-12,7,109.06,53.05,98.62,165.31
2025-07-13,7,113.18,29.64,102.99,164.81
2025-07-14,7,124.04,18.65,102.38,175.83
2025-07-15,7,182.5,49.35,160.83,203.31
2025-07-16,7,198.81,108.79,159.75,201.75
2025-07-17,7,212.88,92.68,155.87,194.7
2025-07-18,7,200.42,115.35,159.67,207.42
2025-07-19,7,196.69,97.59,149.89,197.97
2025-07-20,7,201.91,116.29,162.1,195.56
2025-07-21,7,211.44,109.02,180.83,234.14
2025-07-22,7,215.59,132.62,195.05,248.81
2025-07-23,7,227.31,62.39,206.32,263.78
2025-07-24,7,249.83,60.78,215.84,269.17
2025-07-25,7,230.94,112.92,223.67,267.24
2025-07-26,7,229.37,108.57,215.28,269.61
2025-07-27,7,221.0,125.23,215.32,257.26
2025-07-28,7,195.35,110.39,207.89,238.58
2025-07-29,7,-65.53,-197.69,-119.94,-36.17
2025-07-30,7,-85.95,-199.85,-125.48,-37.39
2025-07-31,7,-106.6,-189.7,-134.66,-44.52
2025-08-01,7,-105.64,-184.6,-102.17,-42.3
2025-08-02,7,-104.21,-184.2,-96.62,-48.12
2025-08-03,7,-99.72,-180.51,-98.32,-46.12
2025-08-04,7,-74.57,-194.25,-100.42,-45.12
2025-08-05,7,182.03,24.28,138.32,202.97
2025-08-06,7,175.08,64.76,136.8,206.41
2025-08-07,7,165.91,84.06,140.68,203.84
2025-08-08,7,90.78,60.36,101.89,162.49
2025-08-09,7,92.67,63.94,109.69,165.02
2025-08-10,7,90.97,63.43,103.34,164.55
2025-08-11,7,83.61,62.18,99.96,155.58
2025-08-12,7,92.66,55.79,95.83,149.49
2025-08-13,7,99.84,15.42,97.34,178.18
2025-08-14,7,114.03,30.22,107.96,181.31
2025-08-15,7,206.69,111.5,159.81,196.04
2025-08-16,7,204.11,120.93,155.47,201.17
2025-08-17,7,196.74,109.69,152.8,185.64
2025-08-18,7,208.65,114.76,157.62,194.38
2025-08-19,7,203.32,116.58,162.05,199.57
2025-08-20,7,204.01,110.93,168.39,196.11
2025-08-21,7,207.24,117.42,183.57,233.82
2025-08-22,7,231.22,110.85,187.46,245.84
2025-08-23,7,238.9,63.8,197.04,258.87
2025-08-24,7,246.91,82.91,212.57,260.07
2025-08-25,7,247.27,137.37,220.75,263.63
2025-08-26,7,233.63,120.42,207.78,260.07
2025-08-27,7,223.36,107.79,207.44,245.1
2025-08-28,7,214.17,92.19,187.76,227.07
2025-08-29,7,-129.73,-199.16,-121.98,-48.69
2025-08-30,7,-135.75,-193.37,-144.51,-57.78
2025-08-31,7,-138.02,-181.86,-131.23,-57.74
2025-09-01,7,-149.51,-197.58,-109.6,-78.27
2025-09-02,7,-135.54,-208.95,-114.87,-77.4
2025-09-03,7,-130.72,-199.82,-109.45,-73.79
2025-09-04,7,-133.51,-191.77,-102.92,-51.49
2025-09-05,7,180.74,11.49,133.57,194.79
2025-09-06,7,178.79,74.82,140.26,203.55
2025-09-07,7,179.11,85.06,140.93,200.99
2025-09-08,7,130.69,72.66,100.38,165.11
2025-09-09,7,125.0,57.6,102.03,162.01
2025-09-10,7,117.18,56.81,100.29,163.15
2025-09-11,7,116.74,57.8,103.65,164.94
2025-09-12,7,112.08,63.77,107.42,167.16
2025-09-13,7,113.37,18.74,106.38,168.77
2025-09-14,7,121.72,25.56,108.89,175.61
2025-09-15,7,165.73,55.56,160.91,204.26
2025-09-16,7,170.46,122.23,164.23,212.06
2025-09-17,7,191.11,117.11,160.64,215.26
2025-09-18,7,194.03,118.87,162.07,212.89
2025-09-19,7,253.43,117.53,172.68,223.03
2025-09-20,7,257.91,132.39,184.55,232.03
2025-09-21,7,258.47,138.05,193.22,253.75
2025-09-22,7,273.03,132.01,206.95,261.67
2025-09-23,7,284.4,122.54,218.54,263.75
2025-09-24,7,282.49,124.0,219.56,263.21
2025-09-25,7,292.86,122.39,216.03,267.46
2025-09-26,7,244.65,113.17,214.77,256.92
2025-09-27,7,245.4,93.27,201.49,229.21
2025-09-28,7,-100.19,-131.63,-103.91,-39.21
2025-09-29,7,-111.85,-191.17,-111.74,-47.91
2025-09-30,7,-90.13,-197.43,-120.14,-43.38
2025-10-01,7,-88.61,-193.6,-93.44,4.74
2025-10-02,7,-103.9,-198.73,-100.95,-13.88
2025-07-01,30,561.55,278.1,416.85,573.77
2025-07-02,30,561.04,299.28,439.74,576.57
2025-07-03,30,519.96,234.63,398.42,567.02
2025-07-04,30,482.72,236.86,385.67,573.41
2025-07-05,30,783.34,293.08,400.86,626.09
2025-07-06,30,559.87,347.35,437.27,573.53
2025-07-07,30,553.56,320.4,431.65,564.02
2025-07-08,30,563.74,349.87,429.44,562.53
2025-07-09,30,542.69,356.06,437.3,564.46
2025-07-10,30,476.86,321.17,411.47,545.74
2025-07-11,30,445.4,278.79,389.71,530.64
2025-07-12,30,480.68,326.99,413.75,541.63
2025-07-13,30,512.21,350.23,444.23,588.36
2025-07-14,30,518.56,323.58,426.53,596.9
2025-07-15,30,570.75,332.99,435.44,601.33
2025-07-16,30,491.18,278.36,436.69,561.76
2025-07-17,30,475.25,284.59,412.3,537.88
2025-07-18,30,426.91,327.69,398.04,531.94
2025-07-19,30,455.23,309.17,414.12,540.48
2025-07-20,30,491.69,367.69,433.56,561.45
2025-07-21,30,494.36,364.47,435.74,558.04
2025-07-22,30,502.28,362.23,427.91,557.14
2025-07-23,30,499.06,346.32,430.6,576.18
2025-07-24,30,466.48,322.77,394.78,564.79
2025-07-25,30,423.23,266.35,385.27,556.05
2025-07-26,30,467.19,321.1,397.27,565.3
2025-07-27,30,493.1,343.4,422.64,585.45
2025-07-28,30,486.93,347.02,416.71,583.49
2025-07-29,30,493.93,293.88,407.67,583.61
2025-07-30,30,502.97,267.32,416.79,582.26
2025-07-31,30,455.55,269.9,386.56,562.9
2025-08-01,30,439.2,313.39,391.97,559.92
2025-08-02,30,485.09,340.41,419.25,562.87
2025-08-03,30,505.73,347.86,445.64,575.29
2025-08-04,30,514.94,325.49,432.54,598.36
2025-08-05,30,773.63,282.58,431.39,619.66
2025-08-06,30,459.19,244.1,422.91,577.58
2025-08-07,30,426.4,249.22,400.37,540.25
2025-08-08,30,406.82,266.49,388.61,541.8
2025-08-09,30,439.79,278.26,404.43,545.76
2025-08-10,30,469.91,287.69,422.37,558.12
2025-08-11,30,458.79,295.74,426.03,553.6
2025-08-12,30,458.09,285.46,421.68,553.5
2025-08-13,30,464.85,293.67,416.93,564.06
2025-08-14,30,439.28,248.93,396.69,573.46
2025-08-15,30,495.15,252.93,390.96,535.35
2025-08-16,30,477.81,269.34,412.5,540.04
2025-08-17,30,503.94,294.74,428.97,550.98
2025-08-18,30,492.36,291.72,424.58,550.06
2025-08-19,30,482.17,290.97,428.22,550.49
2025-08-20,30,477.09,271.37,426.12,554.53
2025-08-21,30,438.62,279.31,408.45,529.48
2025-08-22,30,410.18,247.69,390.29,522.77
2025-08-23,30,439.43,255.97,406.99,563.97
2025-08-24,30,477.66,289.35,416.14,587.09
2025-08-25,30,474.82,281.35,409.15,572.09
2025-08-26,30,472.88,281.24,403.57,570.71
2025-08-27,30,526.51,268.86,414.79,571.64
2025-08-28,30,489.29,246.73,384.35,547.94
2025-08-29,30,437.43,225.08,373.87,542.56
2025-08-30,30,473.56,230.75,386.91,554.3
2025-08-31,30,515.15,271.53,408.58,570.65
2025-09-01,30,510.04,242.06,414.76,569.66
2025-09-02,30,532.11,264.06,414.48,576.72
2025-09-03,30,547.8,268.26,421.79,578.48
2025-09-04,30,520.52,238.29,394.11,598.03
2025-09-05,30,466.97,243.37,389.34,592.46
2025-09-06,30,497.46,319.81,407.06,553.6
2025-09-07,30,563.04,354.64,421.09,561.3
2025-09-08,30,570.94,287.83,416.65,554.51
2025-09-09,30,563.75,333.53,410.85,560.5
2025-09-10,30,565.86,351.55,424.64,565.88
2025-09-11,30,534.28,319.37,400.45,536.85
2025-09-12,30,506.15,322.25,388.32,532.56
2025-09-13,30,538.66,335.56,404.51,556.34
2025-09-14,30,573.27,323.4,422.36,584.04
2025-09-15,30,569.62,356.79,422.48,569.02
2025-09-16,30,585.12,312.95,422.11,552.98
2025-09-17,30,591.4,330.17,425.49,562.27
2025-09-18,30,559.98,334.35,400.04,537.5
2025-09-19,30,532.58,305.55,386.73,530.36
2025-09-20,30,530.24,328.71,405.55,541.49
2025-09-21,30,560.77,347.33,422.89,560.97
2025-09-22,30,559.24,345.12,410.8,551.02
2025-09-23,30,568.18,347.02,412.7,581.88
2025-09-24,30,555.41,344.28,414.42,569.93
2025-09-25,30,523.75,307.11,372.79,555.35
2025-09-26,30,432.53,292.62,358.3,549.62
2025-09-27,30,507.79,285.44,385.77,570.19
2025-09-28,30,565.76,326.32,421.02,584.22
2025-09-29,30,590.11,323.44,412.98,583.11
2025-09-30,30,624.31,289.5,404.55,581.88
2025-10-01,30,693.23,294.42,416.8,571.21
2025-10-02,30,645.54,303.59,400.91,557.48
2025-07-01,90,1490.66,1049.23,1301.87,1596.09
2025-07-02,90,1515.39,1119.38,1295.92,1600.68
2025-07-03,90,1515.09,1245.68,1315.05,1624.73
2025-07-04,90,1520.56,1228.83,1298.2,1592.86
2025-07-05,90,1846.08,1291.49,1360.86,1638.16
2025-07-06,90,1854.02,1289.34,1358.71,1639.95
2025-07-07,90,1479.72,1247.41,1318.27,1600.47
2025-07-08,90,1487.6,1243.54,1312.91,1587.47
2025-07-09,90,1512.55,1255.07,1324.44,1597.49
2025-07-10,90,1487.59,1249.67,1319.04,1595.11
2025-07-11,90,1479.06,1225.96,1295.33,1581.85
2025-07-12,90,1505.33,1239.62,1308.99,1602.11
2025-07-13,90,1504.58,1249.56,1318.93,1608.47
2025-07-14,90,1489.56,1211.44,1309.56,1594.58
2025-07-15,90,1548.69,1239.16,1308.53,1610.09
2025-07-16,90,1559.6,1244.55,1313.92,1613.73
2025-07-17,90,1522.68,1238.92,1308.29,1595.37
2025-07-18,90,1515.97,1257.33,1326.7,1598.16
2025-07-19,90,1538.99,1262.65,1332.01,1603.51
2025-07-20,90,1533.84,1259.42,1328.79,1611.38
2025-07-21,90,1504.03,1247.75,1317.12,1588.87
2025-07-22,90,1471.14,1256.95,1326.32,1588.69
2025-07-23,90,1470.01,1249.57,1318.93,1593.82
2025-07-24,90,1465.15,1255.47,1324.84,1600.17
2025-07-25,90,1469.07,1248.99,1318.35,1596.34
2025-07-26,90,1497.42,1270.11,1339.48,1617.34
2025-07-27,90,1489.73,1265.4,1334.77,1617.06
2025-07-28,90,1445.97,1257.51,1326.88,1591.84
2025-07-29,90,1491.01,1253.46,1322.83,1583.89
2025-07-30,90,1506.16,1255.92,1325.29,1596.05
2025-07-31,90,1519.22,1252.11,1321.48,1587.46
2025-08-01,90,1578.66,1133.79,1316.14,1597.23
2025-08-02,90,1688.36,1210.31,1334.74,1624.8
2025-08-03,90,1683.38,1258.11,1327.48,1618.68
2025-08-04,90,1669.79,1244.15,1313.52,1603.43
2025-08-05,90,1926.84,1274.06,1343.43,1631.03
2025-08-06,90,1926.85,1282.37,1351.73,1642.18
2025-08-07,90,1622.2,1247.66,1317.03,1602.21
2025-08-08,90,1636.23,1255.77,1325.14,1589.44
2025-08-09,90,1664.08,1260.78,1330.14,1615.49
2025-08-10,90,1661.53,1278.85,1348.21,1613.05
2025-08-11,90,1625.07,1272.31,1341.68,1587.6
2025-08-12,90,1636.76,1264.24,1333.61,1580.62
2025-08-13,90,1653.71,1269.94,1339.31,1584.8
2025-08-14,90,1674.96,1268.51,1337.88,1596.4
2025-08-15,90,1764.47,1280.78,1350.15,1593.54
2025-08-16,90,1823.46,1291.22,1360.59,1621.33
2025-08-17,90,1777.76,1278.86,1348.23,1610.98
2025-08-18,90,1743.69,1276.36,1356.76,1596.67
2025-08-19,90,1732.91,1284.98,1354.35,1592.6
2025-08-20,90,1720.04,1276.91,1346.28,1589.07
2025-08-21,90,1717.66,1274.12,1343.49,1596.67
2025-08-22,90,1716.1,1278.48,1347.85,1612.15
2025-08-23,90,1747.87,1281.58,1350.95,1619.64
2025-08-24,90,1763.88,1289.36,1358.73,1615.1
2025-08-25,90,1722.74,1282.7,1352.07,1608.53
2025-08-26,90,1734.79,1271.85,1341.21,1606.99
2025-08-27,90,1728.39,1270.8,1340.16,1599.93
2025-08-28,90,1735.54,1274.74,1344.11,1604.14
2025-08-29,90,1736.37,1275.46,1344.83,1622.07
2025-08-30,90,1793.54,1257.81,1327.18,1631.16
2025-08-31,90,1792.7,1265.57,1334.94,1630.78
2025-09-01,90,1758.9,1049.73,1312.79,1613.23
2025-09-02,90,1775.95,1116.09,1306.16,1603.64
2025-09-03,90,1789.48,1243.04,1312.41,1618.48
2025-09-04,90,1786.9,1247.89,1317.26,1620.44
2025-09-05,90,2101.23,1264.65,1334.02,1627.19
2025-09-06,90,1838.91,1286.76,1356.13,1634.43
2025-09-07,90,1841.63,1269.0,1338.37,1625.17
2025-09-08,90,1813.81,1258.81,1328.18,1603.07
2025-09-09,90,1828.41,1256.02,1325.39,1595.21
2025-09-10,90,1832.63,1259.15,1328.52,1599.68
2025-09-11,90,1835.48,1265.24,1334.61,1595.56
2025-09-12,90,1844.27,1278.24,1347.61,1603.5
2025-09-13,90,1885.28,1287.98,1357.35,1614.93
2025-09-14,90,1884.66,1279.87,1349.24,1617.81
2025-09-15,90,1905.51,1275.06,1344.43,1601.35
2025-09-16,90,1860.0,1266.85,1336.22,1607.93
2025-09-17,90,1893.3,1271.99,1341.36,1608.25
2025-09-18,90,1923.2,1275.69,1345.06,1613.62
2025-09-19,90,1926.33,1268.72,1338.09,1608.49
2025-09-20,90,1963.7,1277.93,1347.3,1622.5
2025-09-21,90,1957.1,1272.89,1342.26,1622.29
2025-09-22,90,1931.16,1271.47,1340.84,1600.34
2025-09-23,90,1928.26,1271.67,1341.04,1601.26
2025-09-24,90,1911.5,1273.14,1342.51,1608.53
2025-09-25,90,1918.53,1269.38,1338.74,1605.32
2025-09-26,90,1827.81,1279.3,1348.67,1607.19
2025-09-27,90,1860.69,1254.96,1324.33,1624.1
2025-09-28,90,1857.07,1253.59,1322.96,1625.03
2025-09-29,90,1822.61,1236.64,1317.63,1601.32
2025-09-30,90,1844.05,1245.02,1314.39,1602.4
2025-10-01,90,1869.48,1099.69,1309.63,1612.18
2025-10-02,90,1897.01,1145.04,1311.63,1605.34
