date,actual,lstm
2025-07-01,25.4,39.08317
2025-07-02,23.24,36.888588
2025-07-03,42.43,42.27173
2025-07-04,40.19,20.664986
2025-07-05,-283.44,-280.63852
2025-07-06,0.38,24.453146
2025-07-07,42.05,28.93364
2025-07-08,26.36,30.043598
2025-07-09,44.74,33.171837
2025-07-10,68.61,34.500454
2025-07-11,38.9,25.373676
2025-07-12,7.05,-1.2535381
2025-07-13,1.98,7.001418
2025-07-14,22.44,15.045172
2025-07-15,-24.82,-27.912579
2025-07-16,28.13,12.095693
2025-07-17,20.6,23.520668
2025-07-18,54.08,0.04962349
2025-07-19,6.65,-28.492638
2025-07-20,6.1,-1.6451082
2025-07-21,33.3,29.263988
2025-07-22,33.64,33.98182
2025-07-23,44.44,38.18361
2025-07-24,34.67,39.68647
2025-07-25,41.62,35.540176
2025-07-26,2.92,11.990751
2025-07-27,11.32,10.873841
2025-07-28,42.83,48.268955
2025-07-29,37.79,49.084106
2025-07-30,56.16,48.469204
2025-07-31,57.19,45.195793
2025-08-01,22.73,33.79986
2025-08-02,1.35,22.915058
2025-08-03,2.95,27.059635
2025-08-04,17.18,30.156689
2025-08-05,-223.09,-247.17484
2025-08-06,35.74,41.349762
2025-08-07,36.54,27.791145
2025-08-08,23.69,19.568756
2025-08-09,2.78,8.909188
2025-08-10,7.44,12.415741
2025-08-11,42.33,26.387077
2025-08-12,33.51,30.732586
2025-08-13,28.79,31.4045
2025-08-14,27.37,19.577335
2025-08-15,-51.44,-55.439594
2025-08-16,4.67,-9.031262
2025-08-17,5.74,12.776051
2025-08-18,34.97,23.01208
2025-08-19,42.56,21.859573
2025-08-20,35.97,24.738914
2025-08-21,41.56,23.117378
2025-08-22,41.22,15.126252
2025-08-23,2.09,10.361987
2025-08-24,-1.63,11.420507
2025-08-25,46.88,28.649937
2025-08-26,37.23,28.452656
2025-08-27,36.66,29.523376
2025-08-28,44.79,32.855568
2025-08-29,65.2,27.33712
2025-08-30,9.77,20.739166
2025-08-31,6.38,17.131699
2025-09-01,47.24,33.02923
2025-09-02,23.59,36.77844
2025-09-03,26.39,42.1834
2025-09-04,35.6,6.8025274
2025-09-05,-278.7,-321.41165
2025-09-06,3.75,10.380478
2025-09-07,4.11,22.221176
2025-09-08,35.75,26.069683
2025-09-09,37.56,26.10109
2025-09-10,31.21,30.10188
2025-09-11,32.81,29.116032
2025-09-12,35.55,18.05746
2025-09-13,1.8,12.091321
2025-09-14,4.43,-6.5661287
2025-09-15,-12.67,-31.929142
2025-09-16,31.87,19.566586
2025-09-17,23.39,27.8597
2025-09-18,32.37,28.928165
2025-09-19,30.89,18.581259
2025-09-20,3.09,2.2381563
2025-09-21,12.78,-1.9832773
2025-09-22,31.34,19.68098
2025-09-23,36.6,20.640396
2025-09-24,44.04,20.516075
2025-09-25,35.29,28.139187
2025-09-26,90.29,28.35691
2025-09-27,7.57,24.908848
2025-09-28,13.34,20.04509
2025-09-29,45.9,40.3095
2025-09-30,47.97,39.910606
2025-10-01,42.13,36.78709
2025-10-02,45.66,34.396114
2025-10-03,42.08,37.050613
2025-10-04,8.32,-14.869756
2025-10-05,-332.25,-282.83948
2025-10-06,34.24,47.745857
2025-10-07,69.69,31.994392
2025-10-08,43.65,34.802128
2025-10-09,30.37,33.551685
2025-10-10,33.32,26.234768
2025-10-11,1.23,7.885213
2025-10-12,7.42,10.267639
2025-10-13,34.31,33.40066
2025-10-14,39.04,31.925262
2025-10-15,-16.32,-25.820057
2025-10-16,47.37,22.54657
2025-10-17,29.67,18.797956
2025-10-18,0.95,0.5982313
2025-10-19,3.49,1.8845167
2025-10-20,0.75,25.19484
2025-10-21,43.31,34.25461
2025-10-22,29.81,31.22195
2025-10-23,45.54,27.185928
2025-10-24,31.27,11.257015
2025-10-25,3.63,-6.123784
2025-10-26,-0.93,11.032509
2025-10-27,82.83,36.665085
2025-10-28,71.31,42.713947
2025-10-29,70.25,41.76772
2025-10-30,82.17,37.4493
2025-10-31,111.05,27.608658
2025-11-01,-2.03,19.214788
2025-11-02,3.59,12.263909
2025-11-03,33.96,28.865166
2025-11-04,35.75,54.468952
2025-11-05,-268.11,-194.61334
2025-11-06,37.72,15.376013
2025-11-07,30.63,31.160854
2025-11-08,4.89,8.840971
2025-11-09,5.87,22.225338
2025-11-10,45.2,36.747715
2025-11-11,45.74,36.403946
2025-11-12,48.62,37.367596
2025-11-13,38.07,34.81222
2025-11-14,63.66,23.934475
2025-11-15,-39.96,-28.080738
2025-11-16,0.9,11.352539
2025-11-17,31.78,31.09357
2025-11-18,23.1,33.185562
2025-11-19,39.18,36.215187
2025-11-20,39.66,36.6311
2025-11-21,33.86,30.734379
2025-11-22,14.38,4.5064063
2025-11-23,5.74,10.727062
2025-11-24,49.28,33.068832
2025-11-25,30.26,37.7297
2025-11-26,51.94,42.208454
2025-11-27,66.03,45.98935
2025-11-28,66.94,41.882465
2025-11-29,5.54,31.309258
2025-11-30,13.44,28.507183
2025-12-01,40.64,49.775475
2025-12-02,39.92,49.090706
2025-12-03,33.02,51.130966
2025-12-04,35.63,7.889157
2025-12-05,-258.57,-265.0543
2025-12-06,6.83,13.064559
2025-12-07,7.93,24.097755
2025-12-08,52.16,25.728909
2025-12-09,35.43,28.016926
2025-12-10,35.66,31.303444
2025-12-11,44.34,32.193893
2025-12-12,42.81,25.695713
2025-12-13,3.81,18.891926
2025-12-14,8.18,5.314045
2025-12-15,-13.64,7.7835526
2025-12-16,56.69,19.95995
2025-12-17,62.27,30.194466
2025-12-18,34.02,32.354263
2025-12-19,40.46,22.77062
2025-12-20,6.18,11.753952
2025-12-21,5.4,14.644437
2025-12-22,33.7,37.351307
2025-12-23,27.28,38.815773
2025-12-24,42.32,41.490074
2025-12-25,-0.43,38.684654
2025-12-26,40.45,46.23269
2025-12-27,9.72,44.67722
2025-12-28,11.44,42.9369
2025-12-29,69.41,52.684685
2025-12-30,67.56,51.940025
2025-12-31,73.19,44.09241
