date,actual,lightgbm,hgb
2025-07-01,25.4,50.98281914493563,52.78621155458821
2025-07-02,23.24,37.23815054269595,11.146652367483512
2025-07-03,42.43,44.517329698471165,45.62022442147197
2025-07-04,40.19,24.13685121451788,28.368465712202603
2025-07-05,-283.44,-242.3967632374219,-272.5574547890258
2025-07-06,0.38,2.482562120681691,3.578880168863699
2025-07-07,42.05,29.002650596439665,34.498020020152815
2025-07-08,26.36,57.160343660797814,45.07537932331464
2025-07-09,44.74,53.32157377846492,48.656127002816156
2025-07-10,68.61,50.77851007036163,48.302831638514824
2025-07-11,38.9,40.604609107067205,36.21678945933362
2025-07-12,7.05,3.270477168331367,0.027654376038057347
2025-07-13,1.98,-18.00996321823127,-11.010008270536906
2025-07-14,22.44,26.523202071893238,42.04941408770308
2025-07-15,-24.82,-31.501840150488906,-16.73920703089428
2025-07-16,28.13,28.533514621355685,34.90357705309658
2025-07-17,20.6,22.879130467528263,32.444377698369955
2025-07-18,54.08,38.636993695706714,42.14875654172262
2025-07-19,6.65,17.7215592767894,3.7161360286109066
2025-07-20,6.1,2.26819124442783,1.5589805460679789
2025-07-21,33.3,37.242058549950066,32.57789940759386
2025-07-22,33.64,36.17697162117763,31.400414582850228
2025-07-23,44.44,33.74066286856411,29.402494894200604
2025-07-24,34.67,35.7667262109696,26.100700585134902
2025-07-25,41.62,36.480237888722385,23.89856992965304
2025-07-26,2.92,22.370938423198126,4.399540309545281
2025-07-27,11.32,26.582617237181378,6.801172598202645
2025-07-28,42.83,61.93848082603512,50.71323826111043
2025-07-29,37.79,72.06028280307827,60.06931536846252
2025-07-30,56.16,67.46471361527135,60.180024471198365
2025-07-31,57.19,57.20086301967008,55.36149357663346
2025-08-01,22.73,35.2847361244275,16.776139936182812
2025-08-02,1.35,8.176418881628619,0.10528074075624551
2025-08-03,2.95,16.49721874007486,19.870551922665655
2025-08-04,17.18,17.62028589553794,38.788792420397144
2025-08-05,-223.09,-257.7443866330246,-278.25995500429013
2025-08-06,35.74,-21.569141116821122,-5.988491598572508
2025-08-07,36.54,-18.45385184330563,-3.595937997876536
2025-08-08,23.69,2.6253694497738542,-6.221043984493057
2025-08-09,2.78,-12.963893454144788,-31.064221471366366
2025-08-10,7.44,-6.484776837354548,-30.040125375744548
2025-08-11,42.33,14.474766012616989,17.721478664733286
2025-08-12,33.51,11.172181948137636,11.806529794796571
2025-08-13,28.79,-2.4606122511960065,-10.338257986746214
2025-08-14,27.37,-5.67486274936001,-7.386221087365825
2025-08-15,-51.44,-44.353172904723785,-54.31226039895962
2025-08-16,4.67,-20.799567182168147,-8.586531087321212
2025-08-17,5.74,-26.776796743632218,-13.329072954003628
2025-08-18,34.97,-2.8878874574499003,14.01107770964617
2025-08-19,42.56,2.88399293462784,11.567725200972584
2025-08-20,35.97,4.829906268257141,8.644005275267979
2025-08-21,41.56,3.744240106263497,9.696027713507085
2025-08-22,41.22,-0.0674972080124937,4.338764273829288
2025-08-23,2.09,-15.134490196523089,-31.271516173188108
2025-08-24,-1.63,-23.094082580170706,-32.6213459949695
2025-08-25,46.88,-12.000691675201036,-13.32428540486451
2025-08-26,37.23,-8.368528061604005,-0.2914114985380663
2025-08-27,36.66,4.69907335101223,-0.09827938661046187
2025-08-28,44.79,1.6986112436081258,-0.784622139014536
2025-08-29,65.2,4.518285155039265,11.520769058721214
2025-08-30,9.77,-23.96347447781744,-22.70487132485178
2025-08-31,6.38,-33.53845606970776,-29.82226529840666
2025-09-01,47.24,-1.023700800360507,-8.468805778364803
2025-09-02,23.59,-7.441026343262118,-34.620882854258326
2025-09-03,26.39,-24.71232089304659,-1.0421868858129655
2025-09-04,35.6,-29.260683191806077,-113.38747416667655
2025-09-05,-278.7,-256.11011270557435,-290.02357752624914
2025-09-06,3.75,9.146897149550192,25.41386210634329
2025-09-07,4.11,5.298957788149874,8.574378017317356
2025-09-08,35.75,51.56158112167914,40.36948525966482
2025-09-09,37.56,34.48384327680472,38.2380495576359
2025-09-10,31.21,39.892242137717666,35.88235006432401
2025-09-11,32.81,38.51948535526872,34.855417150294066
2025-09-12,35.55,35.16282471399752,40.591257965883344
2025-09-13,1.8,-6.536491704555054,-6.370634886411278
2025-09-14,4.43,-13.861633052331293,-3.763028660086396
2025-09-15,-12.67,-18.535282842267314,-3.042057506848273
2025-09-16,31.87,33.16467790287664,36.25923972098294
2025-09-17,23.39,40.58020179958563,42.0615442502478
2025-09-18,32.37,35.16799456427827,38.50792531412961
2025-09-19,30.89,40.83708535532848,37.75071348607625
2025-09-20,3.09,12.336982925843667,12.82744694583393
2025-09-21,12.78,6.199699315679769,4.090839010690166
2025-09-22,31.34,31.97752550693949,30.008411434329574
2025-09-23,36.6,37.99950574721493,30.945662814726543
2025-09-24,44.04,37.32575575811325,31.80862606463813
2025-09-25,35.29,42.230728416884254,34.739344173200145
2025-09-26,90.29,63.51718673793863,53.26704889839557
2025-09-27,7.57,10.024115080688096,17.590225197580956
2025-09-28,13.34,9.757701113186084,26.23071184971975
2025-09-29,45.9,49.084862933194366,52.86201837513831
2025-09-30,47.97,41.0772974063033,58.72835932886383
2025-10-01,42.13,46.90111826256758,36.79274788565006
2025-10-02,45.66,36.31673587413924,12.94636167214935
2025-10-03,42.08,35.85968921164242,41.77262432782012
2025-10-04,8.32,-23.185281425724412,-21.072253241226353
2025-10-05,-332.25,-252.12644184980718,-259.1802987637484
2025-10-06,34.24,24.984640669468867,11.775436399740034
2025-10-07,69.69,18.64497703140498,22.721775580785632
2025-10-08,43.65,43.87042911539497,32.94144893167537
2025-10-09,30.37,27.711531004359564,24.471977863066808
2025-10-10,33.32,34.57020564421797,29.553962349223177
2025-10-11,1.23,-9.71792840677361,4.22437435107443
2025-10-12,7.42,1.4222573607976798,7.301097929352545
2025-10-13,34.31,-5.122573066630181,30.400236026547507
2025-10-14,39.04,0.47635914429758974,32.950376753235666
2025-10-15,-16.32,-40.71535183372289,-8.608925885527404
2025-10-16,47.37,8.249333389885505,19.612994250827633
2025-10-17,29.67,0.04813999239816563,17.183123264569943
2025-10-18,0.95,-9.900864727618494,4.426090179616683
2025-10-19,3.49,-13.965338550288688,1.955692167810165
2025-10-20,0.75,10.47078632630379,31.956716796630758
2025-10-21,43.31,15.834188535013483,43.581121982007666
2025-10-22,29.81,8.040886770984965,24.75154096999022
2025-10-23,45.54,17.477085556312407,18.520915488589367
2025-10-24,31.27,21.57874946808431,15.790984075893645
2025-10-25,3.63,0.34886117654470444,6.822331516559996
2025-10-26,-0.93,2.010815596524943,11.360041722705066
2025-10-27,82.83,40.47213677302412,50.977665868458004
2025-10-28,71.31,44.16291458785856,52.6935948789256
2025-10-29,70.25,43.40196167249282,45.43932675399592
2025-10-30,82.17,21.79605538193772,47.20358186282254
2025-10-31,111.05,38.41738008611291,41.50715752974798
2025-11-01,-2.03,6.278731073135627,-24.671377368271905
2025-11-02,3.59,3.2419385431294834,-7.613985882351548
2025-11-03,33.96,-12.403704715821535,20.359888134434446
2025-11-04,35.75,-9.99700129129349,-39.61816103013021
2025-11-05,-268.11,-233.0115991057123,-256.1660263713649
2025-11-06,37.72,10.62931901249537,50.4006676400769
2025-11-07,30.63,21.656479653823062,37.5943233590531
2025-11-08,4.89,-7.81597835867462,-2.350154620197205
2025-11-09,5.87,-8.23136643957289,6.466101271263908
2025-11-10,45.2,21.66278013007532,25.65693275512943
2025-11-11,45.74,26.950995831326274,25.66686800884991
2025-11-12,48.62,24.489796081580486,22.397668142978176
2025-11-13,38.07,14.812671430282965,15.871425351828771
2025-11-14,63.66,1.6908717318041155,16.909876062471366
2025-11-15,-39.96,-56.63584588915471,-30.20043571601587
2025-11-16,0.9,-22.51167699110888,2.9860055176026026
2025-11-17,31.78,7.289488887401307,29.504947805888964
2025-11-18,23.1,5.789101316768732,33.58414416760663
2025-11-19,39.18,25.665090118838535,37.88743888971725
2025-11-20,39.66,22.39770145189835,28.90995303119189
2025-11-21,33.86,17.7426349356448,39.6533812013324
2025-11-22,14.38,1.2041048093645808,11.382188186046617
2025-11-23,5.74,-12.947263747140237,-7.243662204010807
2025-11-24,49.28,16.551490503956654,36.4001377100357
2025-11-25,30.26,12.692928638453667,33.238898239855416
2025-11-26,51.94,44.21231879359313,49.55971181601923
2025-11-27,66.03,45.25848959472284,35.99710933797106
2025-11-28,66.94,45.132271312276856,36.10035936189286
2025-11-29,5.54,4.575651195722657,10.438367869469364
2025-11-30,13.44,-6.594928197121513,3.6313841914971277
2025-12-01,40.64,20.976993096682573,23.747927779146064
2025-12-02,39.92,24.614986238370097,-5.337628938769169
2025-12-03,33.02,30.742083525129548,10.64920842254327
2025-12-04,35.63,15.203628938155353,8.29447419212587
2025-12-05,-258.57,-225.79563408507266,-254.53799708290592
2025-12-06,6.83,-13.456399372111967,0.6402852097883096
2025-12-07,7.93,-21.528893260996746,-5.08456451903931
2025-12-08,52.16,30.5827788912151,31.93317288225722
2025-12-09,35.43,31.3052431968989,27.985834553042274
2025-12-10,35.66,36.37685632280885,34.354755144398716
2025-12-11,44.34,31.04650267891373,19.912260210232393
2025-12-12,42.81,33.42949143650435,18.437861620263845
2025-12-13,3.81,-18.664797874669368,-1.4017273666959646
2025-12-14,8.18,-22.561898001599722,-17.376667135524542
2025-12-15,-13.64,-35.464618428607295,-3.736759678274619
2025-12-16,56.69,12.168171186739537,37.64812225373757
2025-12-17,62.27,14.942777196276104,12.008352686565472
2025-12-18,34.02,7.514711541061806,25.60740751474292
2025-12-19,40.46,18.22411521896323,19.346479041539183
2025-12-20,6.18,-12.97723668692828,4.839388308759132
2025-12-21,5.4,-20.51878256496392,-4.941383130826714
2025-12-22,33.7,0.33029504695075546,17.02916854956017
2025-12-23,27.28,13.808843534690373,30.019984067602486
2025-12-24,42.32,17.782566348242717,17.99714291795605
2025-12-25,-0.43,14.512197466781345,18.357482806355147
2025-12-26,40.45,28.27212958864016,28.44713620941734
2025-12-27,9.72,13.767242665467856,11.870752017024452
2025-12-28,11.44,0.14698108089861486,6.878922749446659
2025-12-29,69.41,56.99417357125894,54.646199566500165
2025-12-30,67.56,39.02010436640142,43.029976644972535
2025-12-31,73.19,32.495908938012974,36.48186425535882
