date,actual,naive_seasonal,holt_winters,arima
2025-07-01,25.4,44.78,24.764529330064143,-12.337969084562575
2025-07-02,23.24,27.61,20.30567714052035,-14.105440528766453
2025-07-03,42.43,61.09,19.766854155080267,-14.872654531958789
2025-07-04,40.19,66.7,24.23332888186071,-14.691909185214309
2025-07-05,-283.44,13.0,0.6284117232532509,-13.647058008276746
2025-07-06,0.38,20.59,-3.749296562428823,-11.847778713816611
2025-07-07,42.05,44.43,24.360424899242442,-9.423332271330866
2025-07-08,26.36,25.4,24.87351417911723,-6.516089409951951
2025-07-09,44.74,23.24,20.414661989573435,-3.27508796436811
2025-07-10,68.61,42.43,19.875839004133354,0.1501380998776014
2025-07-11,38.9,40.19,24.342313730913794,3.6152469761260164
2025-07-12,7.05,-283.44,0.737396572306336,6.986118992370771
2025-07-13,1.98,0.38,-3.6403117133757377,10.143091779693385
2025-07-14,22.44,42.05,24.469409748295526,12.984305251093666
2025-07-15,-24.82,26.36,24.982499028170317,15.428102381684171
2025-07-16,28.13,44.74,20.52364683862652,17.41447183261368
2025-07-17,20.6,68.61,19.984823853186438,18.905555785281884
2025-07-18,54.08,38.9,24.45129857996688,19.88527976125048
2025-07-19,6.65,7.05,0.8463814213594212,20.358189753018085
2025-07-20,6.1,1.98,-3.5313268643226525,20.347604997994097
2025-07-21,33.3,22.44,24.578394597348613,19.89321177395203
2025-07-22,33.64,-24.82,25.0914838772234,19.048234519512047
2025-07-23,44.44,28.13,20.632631687679606,17.876325472479433
2025-07-24,34.67,20.6,20.09380870223952,16.448313177936065
2025-07-25,41.62,54.08,24.560283429019968,14.83894414421725
2025-07-26,2.92,6.65,0.9553662704125063,13.123741272911158
2025-07-27,11.32,6.1,-3.4223420152695674,11.376088233129323
2025-07-28,42.83,33.3,24.6873794464017,9.664631545607055
2025-07-29,37.79,33.64,25.200468726276483,8.051072685691908
2025-07-30,56.16,44.44,20.741616536732693,6.588401907569429
2025-07-31,57.19,34.67,20.202793551292608,5.319604606944683
2025-08-01,22.73,41.62,24.66926827807305,4.276850687311453
2025-08-02,1.35,2.92,1.0643511194655915,3.4811583012945526
2025-08-03,2.95,11.32,-3.3133571662164805,2.9425061222669298
2025-08-04,17.18,42.83,24.796364295454783,2.660353460244404
2025-08-05,-223.09,37.79,25.30945357532957,2.624515437518916
2025-08-06,35.74,56.16,20.850601385785776,2.8163313177190137
2025-08-07,36.54,57.19,20.311778400345695,3.210058039639966
2025-08-08,23.69,22.73,24.778253127126135,3.7744180222683923
2025-08-09,2.78,1.35,1.1733359685186766,4.474230244247504
2025-08-10,7.44,2.95,-3.2043723171633953,5.2720562245685345
2025-08-11,42.33,17.18,24.905349144507866,6.129797524129348
2025-08-12,33.51,-223.09,25.418438424382657,7.01018836887042
2025-08-13,28.79,35.74,20.95958623483886,7.8781355392498575
2025-08-14,27.37,36.54,20.42076324939878,8.701867328139134
2025-08-15,-51.44,23.69,24.88723797617922,9.453863684588699
2025-08-16,4.67,2.78,1.2823208175717618,10.111550191240994
2025-08-17,5.74,7.44,-3.09538746811031,10.657748853254866
2025-08-18,34.97,42.33,25.014333993560953,11.080888432547848
2025-08-19,42.56,33.51,25.52742327343574,11.374985921126461
2025-08-20,35.97,28.79,21.068571083891946,11.539418449416951
2025-08-21,41.56,27.37,20.52974809845186,11.578511272994955
2025-08-22,41.22,-51.44,24.99622282523231,11.500972344267417
2025-08-23,2.09,4.67,1.391305666624847,11.319207291409551
2025-08-24,-1.63,5.74,-2.986402619057225,11.048550395700813
2025-08-25,46.88,34.97,25.12331884261404,10.70644743922127
2025-08-26,37.23,42.56,25.636408122488824,10.311625197966356
2025-08-27,36.66,35.97,21.177555932945033,9.88328003419163
2025-08-28,44.79,41.56,20.63873294750495,9.440314683368587
2025-08-29,65.2,41.22,25.105207674285392,9.00064814664439
2025-08-30,9.77,2.09,1.500290515677932,8.580618814324255
2025-08-31,6.38,-1.63,-2.87741777000414,8.19449578920644
2025-09-01,47.24,46.88,25.232303691667124,7.854108075538444
2025-09-02,23.59,37.23,25.74539297154191,7.56859606212214
2025-09-03,26.39,36.66,21.286540781998117,7.344284749140106
2025-09-04,35.6,44.79,20.747717796558035,7.184673614676196
2025-09-05,-278.7,65.2,25.214192523338475,7.0905340260898235
2025-09-06,3.75,9.77,1.6092753647310172,7.060101778381261
2025-09-07,4.11,6.38,-2.7684329209510548,7.0893497577053335
2025-09-08,35.75,47.24,25.34128854072021,7.172323920800337
2025-09-09,37.56,23.59,25.854377820594998,7.301524755462066
2025-09-10,31.21,26.39,21.3955256310512,7.468316118526608
2025-09-11,32.81,35.6,20.856702645611122,7.663343784770058
2025-09-12,35.55,-278.7,25.323177372391562,7.876947108850164
2025-09-13,1.8,3.75,1.7182602137841023,8.099548811203405
2025-09-14,4.43,4.11,-2.6594480718979696,8.322009943022675
2025-09-15,-12.67,35.75,25.450273389773294,8.535939452484206
2025-09-16,31.87,37.56,25.96336266964808,8.733950348631344
2025-09-17,23.39,31.21,21.504510480104287,8.909857126691321
2025-09-18,32.37,32.81,20.965687494664206,9.058811770783844
2025-09-19,30.89,35.55,25.43216222144465,9.177378188037054
2025-09-20,3.09,1.8,1.8272450628371875,9.26354726546642
2025-09-21,12.78,4.43,-2.5504632228448845,9.316696805622593
2025-09-22,31.34,-12.67,25.55925823882638,9.33750233314913
2025-09-23,36.6,31.87,26.072347518701164,9.327806133129819
2025-09-24,44.04,23.39,21.613495329157374,9.290452861602374
2025-09-25,35.29,32.37,21.07467234371729,9.2291006535028
2025-09-26,90.29,30.89,25.541147070497733,9.148016853555049
2025-09-27,7.57,3.09,1.9362299118902726,9.05186733492408
2025-09-28,13.34,12.78,-2.4414783737917993,8.945507884205446
2025-09-29,45.9,31.34,25.668243087879468,8.833785364349355
2025-09-30,47.97,36.6,26.18133236775425,8.72135537119162
2025-10-01,42.13,44.04,21.722480178210457,8.612521930608047
2025-10-02,45.66,35.29,21.183657192770376,8.511103500098692
2025-10-03,42.08,90.29,25.65013191955082,8.42032819861962
2025-10-04,8.32,7.57,2.0452147609433577,8.342759846937948
2025-10-05,-332.25,13.34,-2.332493524738714,8.280255108488154
2025-10-06,34.24,45.9,25.77722793693255,8.233950822463026
2025-10-07,69.69,47.97,26.29031721680734,8.20427955429756
2025-10-08,43.65,42.13,21.83146502726354,8.191010483384558
2025-10-09,30.37,45.66,21.292642041823463,8.193312024888314
2025-10-10,33.32,42.08,25.759116768603903,8.209832054388055
2025-10-11,1.23,8.32,2.154199609996443,8.238791274901804
2025-10-12,7.42,-332.25,-2.223508675685629,8.278085131881747
2025-10-13,34.31,34.24,25.886212785985634,8.325389732230537
2025-10-14,39.04,69.69,26.399302065860425,8.378267441373918
2025-10-15,-16.32,43.65,21.940449876316627,8.434268196092308
2025-10-16,47.37,30.37,21.401626890876546,8.491023054589501
2025-10-17,29.67,33.32,25.86810161765699,8.546327081128432
2025-10-18,0.95,1.23,2.263184459049528,8.598209301260145
2025-10-19,3.49,7.42,-2.114523826632544,8.644988135982352
2025-10-20,0.75,34.31,25.99519763503872,8.685311400963451
2025-10-21,43.31,39.04,26.508286914913505,8.718180614209736
2025-10-22,29.81,-16.32,22.049434725369714,8.74295996908377
2025-10-23,45.54,47.37,21.51061173992963,8.759370879779047
2025-10-24,31.27,29.67,25.977086466710077,8.767473477584819
2025-10-25,3.63,0.95,2.372169308102613,8.76763681715376
2025-10-26,-0.93,3.49,-2.0055389775794588,8.760499835468885
2025-10-27,82.83,0.75,26.104182484091808,8.746925289501823
2025-10-28,71.31,43.31,26.617271763966592,8.727948982879463
2025-10-29,70.25,29.81,22.158419574422798,8.70472658208731
2025-10-30,82.17,45.54,21.619596588982716,8.678480226852262
2025-10-31,111.05,31.27,26.08607131576316,8.650446967982747
2025-11-01,-2.03,3.63,2.4811541571556983,8.621830831705633
2025-11-02,3.59,-0.93,-1.8965541285263736,8.59376002638315
2025-11-03,33.96,82.83,26.21316733314489,8.567250490089306
2025-11-04,35.75,71.31,26.72625661301968,8.543176640644894
2025-11-05,-268.11,70.25,22.26740442347588,8.52224984766002
2025-11-06,37.72,82.17,21.728581438035803,8.505004812252864
2025-11-07,30.63,111.05,26.195056164816243,8.491793726349576
2025-11-08,4.89,-2.03,2.5901390062087852,8.482787800039889
2025-11-09,5.87,3.59,-1.7875692794732885,8.477985500606179
2025-11-10,45.2,33.96,26.322152182197975,8.477226646674827
2025-11-11,45.74,35.75,26.835241462072766,8.480211349386956
2025-11-12,48.62,-268.11,22.376389272528968,8.486522691324812
2025-11-13,38.07,37.72,21.837566287088887,8.495651982886523
2025-11-14,63.66,30.63,26.30404101386933,8.507025432731496
2025-11-15,-39.96,4.89,2.6991238552618686,8.520031110039035
2025-11-16,0.9,5.87,-1.6785844304202033,8.534045156490134
2025-11-17,31.78,45.2,26.431137031251062,8.548456318896054
2025-11-18,23.1,45.74,26.94422631112585,8.56268801231966
2025-11-19,39.18,48.62,22.485374121582055,8.576217281014236
2025-11-20,39.66,38.07,21.94655113614197,8.588590193083801
2025-11-21,33.86,63.66,26.413025862922417,8.599433377179317
2025-11-22,14.38,-39.96,2.8081087043149555,8.608461578963551
2025-11-23,5.74,0.9,-1.5695995813671182,8.615481275347666
2025-11-24,49.28,31.78,26.54012188030415,8.620390530314598
2025-11-25,30.26,23.1,27.053211160178932,8.623175403165716
2025-11-26,51.94,39.18,22.594358970635138,8.623903324986822
2025-11-27,66.03,39.66,22.055535985195057,8.622713939855993
2025-11-28,66.94,33.86,26.5220107119755,8.619807962728665
2025-11-29,5.54,14.38,2.9170935533680407,8.61543463599888
2025-11-30,13.44,5.74,-1.4606147323140313,8.60987837237392
2025-12-01,40.64,49.28,26.649106729357232,8.603445154684241
2025-12-02,39.92,30.26,27.16219600923202,8.596449226065367
2025-12-03,33.02,51.94,22.703343819688225,8.589200549636281
2025-12-04,35.63,66.03,22.164520834248144,8.581993448803253
2025-12-05,-258.57,66.94,26.630995561028584,8.575096761318793
2025-12-06,6.83,5.54,3.026078402421126,8.568745755981508
2025-12-07,7.93,13.44,-1.351629883260948,8.5631359740636
2025-12-08,52.16,40.64,26.758091578410315,8.558419071684236
2025-12-09,35.43,39.92,27.271180858285106,8.554700657577227
2025-12-10,35.66,33.02,22.81232866874131,8.55204004578538
2025-12-11,44.34,35.63,22.273505683301227,8.550451777024563
2025-12-12,42.81,-258.57,26.73998041008167,8.549908707541038
2025-12-13,3.81,6.83,3.135063251474211,8.550346421427275
2025-12-14,8.18,7.93,-1.242645034207861,8.55166869220278
2025-12-15,-13.64,52.16,26.867076427463402,8.55375370211488
2025-12-16,56.69,35.43,27.38016570733819,8.556460722684495
2025-12-17,62.27,35.66,22.921313517794395,8.559636966690555
2025-12-18,34.02,44.34,22.38249053235431,8.563124338859764
2025-12-19,40.46,42.81,26.848965259134758,8.566765838515307
2025-12-20,6.18,3.81,3.244048100527296,8.570411400633244
2025-12-21,5.4,8.18,-1.1336601851547776,8.573923000319173
2025-12-22,33.7,-13.64,26.97606127651649,8.577178887757343
2025-12-23,27.28,56.69,27.489150556391273,8.580076864329634
2025-12-24,42.32,62.27,23.030298366847482,8.582536554073679
2025-12-25,-0.43,34.02,22.491475381407398,8.58450066631989
2025-12-26,40.45,40.46,26.95795010818784,8.585935283788965
2025-12-27,9.72,6.18,3.3530329495803812,8.58682924445471
2025-12-28,11.44,5.4,-1.0246753361016907,8.587192714155888
2025-12-29,69.41,33.7,27.085046125569573,8.58705506962616
2025-12-30,67.56,27.28,27.59813540544436,8.586462227933364
2025-12-31,73.19,42.32,23.139283215900566,8.585473568178752
