date,scenario,pred_net_lakh,cum_net_lakh
2025-07-01,base,25.44,25.44
2025-07-02,base,25.44,50.87
2025-07-03,base,25.44,76.31
2025-07-04,base,7.36,83.67
2025-07-05,base,-208.82,-125.15
2025-07-06,base,-56.99,-182.14
2025-07-07,base,-32.7,-214.84
2025-07-08,base,3.78,-211.06
2025-07-09,base,19.59,-191.47
2025-07-10,base,18.78,-172.69
2025-07-11,base,21.52,-151.17
2025-07-12,base,5.98,-145.2
2025-07-13,base,6.56,-138.64
2025-07-14,base,23.56,-115.08
2025-07-15,base,-10.17,-125.24
2025-07-16,base,4.23,-121.02
2025-07-17,base,8.96,-112.05
2025-07-18,base,20.77,-91.28
2025-07-19,base,6.03,-85.25
2025-07-20,base,5.32,-79.93
2025-07-21,base,20.13,-59.8
2025-07-22,base,20.36,-39.45
2025-07-23,base,27.28,-12.17
2025-07-24,base,29.38,17.21
2025-07-25,base,30.38,47.59
2025-07-26,base,19.36,66.95
2025-07-27,base,25.48,92.43
2025-07-28,base,48.91,141.34
2025-07-29,base,48.94,190.28
2025-07-30,base,49.1,239.37
2025-07-31,base,49.38,288.76
2025-08-01,base,26.18,314.94
2025-08-02,base,18.29,333.23
2025-08-03,base,18.29,351.52
2025-08-04,base,7.64,359.15
2025-08-05,base,-202.19,156.97
2025-08-06,base,-42.7,114.27
2025-08-07,base,-33.58,80.69
2025-08-08,base,0.4,81.1
2025-08-09,base,-1.41,79.69
2025-08-10,base,-2.1,77.59
2025-08-11,base,16.64,94.22
2025-08-12,base,18.36,112.59
2025-08-13,base,19.72,132.31
2025-08-14,base,19.13,151.44
2025-08-15,base,-17.92,133.51
2025-08-16,base,-17.89,115.62
2025-08-17,base,-13.99,101.64
2025-08-18,base,11.65,113.29
2025-08-19,base,11.71,125.0
2025-08-20,base,13.18,138.19
2025-08-21,base,13.15,151.34
2025-08-22,base,14.24,165.58
2025-08-23,base,6.1,171.68
2025-08-24,base,7.15,178.83
2025-08-25,base,21.16,200.0
2025-08-26,base,26.6,226.6
2025-08-27,base,39.29,265.89
2025-08-28,base,39.37,305.26
2025-08-29,base,40.13,345.39
2025-08-30,base,16.53,361.92
2025-08-31,base,16.04,377.96
2025-09-01,base,21.86,399.82
2025-09-02,base,21.56,421.38
2025-09-03,base,2.4,423.78
2025-09-04,base,-0.14,423.63
2025-09-05,base,-204.91,218.72
2025-09-06,base,-54.85,163.87
2025-09-07,base,-40.91,122.96
2025-09-08,base,8.18,131.14
2025-09-09,base,7.69,138.83
2025-09-10,base,10.14,148.97
2025-09-11,base,9.78,158.75
2025-09-12,base,12.54,171.29
2025-09-13,base,-4.51,166.78
2025-09-14,base,-6.33,160.45
2025-09-15,base,-25.13,135.32
2025-09-16,base,-8.03,127.29
2025-09-17,base,0.02,127.31
2025-09-18,base,4.57,131.88
2025-09-19,base,5.68,137.57
2025-09-20,base,-8.57,129.0
2025-09-21,base,-7.95,121.05
2025-09-22,base,6.35,127.4
2025-09-23,base,12.7,140.1
2025-09-24,base,14.54,154.64
2025-09-25,base,17.61,172.25
2025-09-26,base,36.09,208.35
2025-09-27,base,12.49,220.84
2025-09-28,base,12.12,232.96
2025-07-01,optimistic,32.49,32.49
2025-07-02,optimistic,32.49,64.99
2025-07-03,optimistic,32.49,97.48
2025-07-04,optimistic,14.41,111.89
2025-07-05,optimistic,-201.76,-89.87
2025-07-06,optimistic,-49.93,-139.8
2025-07-07,optimistic,-25.64,-165.44
2025-07-08,optimistic,10.83,-154.61
2025-07-09,optimistic,26.64,-127.97
2025-07-10,optimistic,25.84,-102.13
2025-07-11,optimistic,28.58,-73.56
2025-07-12,optimistic,13.03,-60.52
2025-07-13,optimistic,13.61,-46.91
2025-07-14,optimistic,30.62,-16.29
2025-07-15,optimistic,-3.11,-19.4
2025-07-16,optimistic,11.29,-8.12
2025-07-17,optimistic,16.02,7.9
2025-07-18,optimistic,27.83,35.73
2025-07-19,optimistic,13.08,48.81
2025-07-20,optimistic,12.38,61.19
2025-07-21,optimistic,27.18,88.37
2025-07-22,optimistic,27.41,115.79
2025-07-23,optimistic,34.33,150.12
2025-07-24,optimistic,36.44,186.56
2025-07-25,optimistic,37.44,223.99
2025-07-26,optimistic,26.42,250.41
2025-07-27,optimistic,32.53,282.94
2025-07-28,optimistic,55.97,338.91
2025-07-29,optimistic,56.0,394.9
2025-07-30,optimistic,56.15,451.06
2025-07-31,optimistic,56.44,507.5
2025-08-01,optimistic,33.23,540.73
2025-08-02,optimistic,25.35,566.08
2025-08-03,optimistic,25.35,591.43
2025-08-04,optimistic,14.69,606.12
2025-08-05,optimistic,-195.13,410.99
2025-08-06,optimistic,-35.64,375.35
2025-08-07,optimistic,-26.53,348.82
2025-08-08,optimistic,7.46,356.28
2025-08-09,optimistic,5.65,361.93
2025-08-10,optimistic,4.96,366.89
2025-08-11,optimistic,23.69,390.58
2025-08-12,optimistic,25.42,416.0
2025-08-13,optimistic,26.78,442.78
2025-08-14,optimistic,26.18,468.96
2025-08-15,optimistic,-10.87,458.09
2025-08-16,optimistic,-10.83,447.26
2025-08-17,optimistic,-6.93,440.33
2025-08-18,optimistic,18.71,459.04
2025-08-19,optimistic,18.77,477.81
2025-08-20,optimistic,20.24,498.05
2025-08-21,optimistic,20.21,518.25
2025-08-22,optimistic,21.3,539.55
2025-08-23,optimistic,13.16,552.71
2025-08-24,optimistic,14.21,566.92
2025-08-25,optimistic,28.22,595.14
2025-08-26,optimistic,33.65,628.79
2025-08-27,optimistic,46.35,675.14
2025-08-28,optimistic,46.43,721.57
2025-08-29,optimistic,47.19,768.76
2025-08-30,optimistic,23.58,792.34
2025-08-31,optimistic,23.09,815.44
2025-09-01,optimistic,28.92,844.35
2025-09-02,optimistic,28.61,872.97
2025-09-03,optimistic,9.46,882.42
2025-09-04,optimistic,6.91,889.34
2025-09-05,optimistic,-197.85,691.48
2025-09-06,optimistic,-47.79,643.69
2025-09-07,optimistic,-33.86,609.83
2025-09-08,optimistic,15.23,625.06
2025-09-09,optimistic,14.75,639.81
2025-09-10,optimistic,17.2,657.01
2025-09-11,optimistic,16.84,673.85
2025-09-12,optimistic,19.59,693.44
2025-09-13,optimistic,2.55,695.99
2025-09-14,optimistic,0.72,696.72
2025-09-15,optimistic,-18.08,678.64
2025-09-16,optimistic,-0.97,677.67
2025-09-17,optimistic,7.07,684.74
2025-09-18,optimistic,11.63,696.37
2025-09-19,optimistic,12.74,709.11
2025-09-20,optimistic,-1.51,707.6
2025-09-21,optimistic,-0.89,706.7
2025-09-22,optimistic,13.41,720.11
2025-09-23,optimistic,19.76,739.87
2025-09-24,optimistic,21.6,761.47
2025-09-25,optimistic,24.67,786.13
2025-09-26,optimistic,43.15,829.28
2025-09-27,optimistic,19.54,848.83
2025-09-28,optimistic,19.18,868.01
2025-07-01,pessimistic,17.85,17.85
2025-07-02,pessimistic,17.85,35.71
2025-07-03,pessimistic,17.85,53.56
2025-07-04,pessimistic,-0.23,53.34
2025-07-05,pessimistic,-216.4,-163.06
2025-07-06,pessimistic,-64.57,-227.64
2025-07-07,pessimistic,-40.28,-267.92
2025-07-08,pessimistic,-3.81,-271.72
2025-07-09,pessimistic,12.0,-259.72
2025-07-10,pessimistic,11.2,-248.52
2025-07-11,pessimistic,13.94,-234.59
2025-07-12,pessimistic,-1.61,-236.19
2025-07-13,pessimistic,-1.03,-237.22
2025-07-14,pessimistic,15.98,-221.24
2025-07-15,pessimistic,-17.75,-238.99
2025-07-16,pessimistic,-3.35,-242.34
2025-07-17,pessimistic,1.38,-240.96
2025-07-18,pessimistic,13.19,-227.77
2025-07-19,pessimistic,-1.56,-229.33
2025-07-20,pessimistic,-2.26,-231.59
2025-07-21,pessimistic,12.54,-219.04
2025-07-22,pessimistic,12.77,-206.27
2025-07-23,pessimistic,19.69,-186.58
2025-07-24,pessimistic,21.8,-164.78
2025-07-25,pessimistic,22.8,-141.98
2025-07-26,pessimistic,11.78,-130.21
2025-07-27,pessimistic,17.9,-112.31
2025-07-28,pessimistic,41.33,-70.98
2025-07-29,pessimistic,41.36,-29.63
2025-07-30,pessimistic,41.51,11.89
2025-07-31,pessimistic,41.8,53.69
2025-08-01,pessimistic,8.24,61.92
2025-08-02,pessimistic,0.35,62.27
2025-08-03,pessimistic,0.35,62.62
2025-08-04,pessimistic,-10.31,52.31
2025-08-05,pessimistic,-220.13,-167.81
2025-08-06,pessimistic,-60.64,-228.45
2025-08-07,pessimistic,-51.52,-279.98
2025-08-08,pessimistic,-17.54,-297.51
2025-08-09,pessimistic,-19.35,-316.87
2025-08-10,pessimistic,-20.04,-336.91
2025-08-11,pessimistic,-1.31,-338.21
2025-08-12,pessimistic,0.42,-337.79
2025-08-13,pessimistic,1.78,-336.01
2025-08-14,pessimistic,1.18,-334.83
2025-08-15,pessimistic,-25.51,-360.34
2025-08-16,pessimistic,-25.47,-385.81
2025-08-17,pessimistic,-21.57,-407.38
2025-08-18,pessimistic,4.07,-403.31
2025-08-19,pessimistic,4.13,-399.18
2025-08-20,pessimistic,5.6,-393.57
2025-08-21,pessimistic,5.57,-388.01
2025-08-22,pessimistic,6.66,-381.35
2025-08-23,pessimistic,-1.48,-382.83
2025-08-24,pessimistic,-0.43,-383.26
2025-08-25,pessimistic,13.58,-369.68
2025-08-26,pessimistic,19.02,-350.66
2025-08-27,pessimistic,31.71,-318.95
2025-08-28,pessimistic,31.79,-287.16
2025-08-29,pessimistic,32.55,-254.61
2025-08-30,pessimistic,8.94,-245.67
2025-08-31,pessimistic,8.45,-237.22
2025-09-01,pessimistic,14.28,-222.94
2025-09-02,pessimistic,13.97,-208.96
2025-09-03,pessimistic,-5.18,-214.15
2025-09-04,pessimistic,-7.73,-221.87
2025-09-05,pessimistic,-212.49,-434.37
2025-09-06,pessimistic,-62.43,-496.8
2025-09-07,pessimistic,-48.5,-545.29
2025-09-08,pessimistic,0.59,-544.7
2025-09-09,pessimistic,0.11,-544.59
2025-09-10,pessimistic,2.56,-542.03
2025-09-11,pessimistic,2.2,-539.83
2025-09-12,pessimistic,4.95,-534.88
2025-09-13,pessimistic,-12.09,-546.97
2025-09-14,pessimistic,-13.91,-560.88
2025-09-15,pessimistic,-32.71,-593.6
2025-09-16,pessimistic,-15.61,-609.21
2025-09-17,pessimistic,-7.56,-616.77
2025-09-18,pessimistic,-3.01,-619.78
2025-09-19,pessimistic,-1.9,-621.68
2025-09-20,pessimistic,-16.15,-637.84
2025-09-21,pessimistic,-15.53,-653.37
2025-09-22,pessimistic,-1.23,-654.6
2025-09-23,pessimistic,5.12,-649.48
2025-09-24,pessimistic,6.96,-642.52
2025-09-25,pessimistic,10.03,-632.49
2025-09-26,pessimistic,28.51,-603.98
2025-09-27,pessimistic,4.91,-599.08
2025-09-28,pessimistic,4.54,-594.54
